{"mean_auc": 0.65, "std_auc": 0.45, "_timestamp": 1679339822.805822, "_runtime": 3.064004898071289, "_step": 0, "_wandb": {"runtime": 2}}