{"mean_auc": 0.65, "std_auc": 0.45, "_timestamp": 1678904990.562573, "_runtime": 2758.337949037552, "_step": 0, "_wandb": {"runtime": 3}}