{"mean_auc": 0.65, "std_auc": 0.45, "_timestamp": 1678905857.9984798, "_runtime": 5.639834880828857, "_step": 0, "_wandb": {"runtime": 3}}