{"training_time": 0.019806958000000208, "ingestion_time": 0.018519667000000073, "summary": {"lastmonth_activity": {"count": 5.0, "mean": 76.6, "std": 96.13948200401332, "min": 0.0, "25%": 14.0, "50%": 34.0, "75%": 101.0, "max": 234.0}, "lastyear_activity": {"count": 5.0, "mean": 3100.4, "std": 5232.801907200386, "min": 3.0, "25%": 333.0, "50%": 675.0, "75%": 2145.0, "max": 12346.0}, "number_of_employees": {"count": 5.0, "mean": 227.2, "std": 433.7138457554704, "min": 2.0, "25%": 10.0, "50%": 25.0, "75%": 99.0, "max": 1000.0}}, "predictions": [1, 0, 0, 1, 1], "_timestamp": 1681753979.937675, "_runtime": 7.026189088821411, "_step": 0}