{"mean_auc": 0.65, "std_auc": 0.45, "_timestamp": 1679338565.012908, "_runtime": 3.9787890911102295, "_step": 0, "_wandb": {"runtime": 2}}