{"mean_auc": 0.65, "std_auc": 0.45, "_timestamp": 1679339596.521711, "_runtime": 4.0799291133880615, "_step": 0, "_wandb": {"runtime": 2}}