{"mean_auc": 0.65, "std_auc": 0.45, "_timestamp": 1681373070.75317, "_runtime": 4.4811999797821045, "_step": 0, "_wandb": {"runtime": 3}}