{"mean_auc": 0.65, "std_auc": 0.45, "_timestamp": 1678905792.840245, "_runtime": 5.521136999130249, "_step": 0, "_wandb": {"runtime": 57}}